<?xml version="1.0" encoding="UTF-8" standalone="yes" ?>
<?xml-stylesheet type="text/css" href="catalog_19031824.css"?>
<!--<!DOCTYPE Store SYSTEM "catalog_19031824.dtd">-->
<Store xmlns:xsi="http://www.w3.org/2001/XMLSchema-instance">
    <Logo/>
    <Store_Name>Bee Music Store</Store_Name>
    <Addresses>
        <Address country="Nepal">
            <Province_Number>Province 01,Dharan-15 Sunsari</Province_Number>
        </Address>
    </Addresses>
    <Website>www.beemusicstore.com.np</Website>
    <Contacts>
        <Contact telephoneNumber="(021)-123445">
            <Phone_Number>9812345678</Phone_Number>
        </Contact>
    </Contacts>
    <Musics>
        <Music Music_ID="M1">
            <Song_Title>Astronaut in the ocean</Song_Title>
            <Released_Platform>Spotify</Released_Platform>
            <Released_Year>2020</Released_Year>
            <Duration>3:20 Sec</Duration>
            <Genre>Pop Music</Genre>
            <Director>Harry Micheal</Director>
            <Composer>Masked Wolf</Composer>
            <Producer>Masked Wolf</Producer>
            <Writer>Harry Micheal</Writer>
            <Singer>Masked Wolf</Singer>
            <Albums>
                <Album album_ID="A1">
                    <Album_Name>Space</Album_Name>
                    <Price>NPR 2750</Price>
                </Album>
            </Albums>
            <Rating>4.8</Rating>
            <Description>Harry Micheal known professionally as masked wolf, He is an australian rapper and He is best known for his Astronaut in the ocean song.</Description>
        </Music>
        <Music Music_ID="M2">
            <Song_Title>Circles</Song_Title>
            <Released_Platform>Spotify</Released_Platform>
            <Released_Year>2019</Released_Year>
            <Duration>3:36 Sec</Duration>
            <Genre>Pop Music, Hip-Hop/Rap</Genre>
            <Director>Austin Post</Director>
            <Composer>Post malone</Composer>
            <Producer>Frank Dukes</Producer>
            <Writer>Austin Post</Writer>
            <Singer>Post Malone</Singer>
            <Albums>
                <Album album_ID="A2">
                    <Album_Name>Hollywood's Bleeding</Album_Name>
                    <Price>NPR 2000</Price>
                </Album>
            </Albums>
            <Rating>4.7</Rating>
            <Description>Post Malone known professionally as American Singer and Rapper,It was released through Republic Records on August 30, 2019, as the third single from Malone's third studio album Hollywood's Bleeding (2019).</Description>
        </Music>
        <Music Music_ID="M3">
            <Song_Title>Despacito</Song_Title>
            <Released_Platform>Spotify,Youtube</Released_Platform>
            <Released_Year>2019</Released_Year>
            <Duration>3:49 Sec</Duration>
            <Genre>Reggaeton, Latin pop</Genre>
            <Director>Mauricio Rengifo</Director>
            <Composer>Luis Fonsi</Composer>
            <Producer>Mauricio Rengifo</Producer>
            <Writer>Luis RodríguezErika Ender</Writer>
            <Singer>Luos Fonsi</Singer>
            <Albums>
                <Album album_ID="A3">
                    <Album_Name>Vida</Album_Name>
                    <Price>NPR 2950</Price>
                </Album>
            </Albums>
            <Rating>5</Rating>
            <Description>"Despacito" American Spanish:despa'sito transl,Slowly is a song by Puerto Rican singer Luis Fonsi featuring Puerto Rican rapper Daddy Yankee from Fonsi's 2019 studio album Vida.Released on January 12, 2017, the song was written by Fonsi, Erika Ender and Daddy Yankee, and produced by Mauricio Rengifo and Andrés Torres.</Description>
        </Music>
        <Music Music_ID="M4">
            <Song_Title>We Will Rock You</Song_Title>
            <Released_Platform>Youtube</Released_Platform>
            <Released_Year>1977</Released_Year>
            <Duration>2:02 Sec</Duration>
            <Genre>Arena Rock</Genre>
            <Director>Mike Stone</Director>
            <Composer>Queen</Composer>
            <Producer>Mike Stone</Producer>
            <Writer>Brain May</Writer>
            <Singer>Queen</Singer>
            <Albums>
                <Album album_ID="A4">
                    <Album_Name>News of the world</Album_Name>
                    <Price>NPR 3000</Price>
                </Album>
            </Albums>
            <Rating>5</Rating>
            <Description>"We Will Rock You" is a song written by Brian May and recorded by British rock band Queen for their 1977 album News of the World.Rolling Stone ranked it number 330 of "The 500 Greatest Songs of All Time" in 2004,and it placed at number 146 on the Songs of the Century list in 2001. </Description>
        </Music>
        <Music Music_ID="M5">
            <Song_Title>Beliver</Song_Title>
            <Released_Platform>Youtube</Released_Platform>
            <Released_Year>2017</Released_Year>
            <Duration>3:24 Sec</Duration>
            <Genre>Pop Music</Genre>
            <Director>Matman</Director>
            <Composer>Imagine Dragons</Composer>
            <Producer>Robin and Mattman</Producer>
            <Writer>Dan Reynolds,Wayne Sermon,Ben McKee,Daniel Platzman,Robin Fredriksson,Mattias Larsson ,Justin Tranter</Writer>
            <Singer>Imagine Dragons</Singer>
            <Albums>
                <Album album_ID="A5">
                    <Album_Name>Evolve</Album_Name>
                    <Price>NPR 2900</Price>
                </Album>
            </Albums>
            <Rating>5</Rating>
            <Description>Believer" is a song by American pop rock band Imagine Dragons. The song was released on February 1, 2017 through Interscope Records and Kidinakorner as the lead single from the band's third studio album, Evolve. It was written by Dan Reynolds, Wayne Sermon, Ben McKee, Daniel Platzman, Justin Tranter and its producers Mattman and Robin.</Description>
        </Music>
        <Music Music_ID="M6">
            <Song_Title>Resham</Song_Title>
            <Released_Platform>Youtube</Released_Platform>
            <Released_Year>2001</Released_Year>
            <Duration>4:17 Sec</Duration>
            <Genre>Folk Rock</Genre>
            <Director>Nepathya</Director>
            <Composer>Amrit Gurung</Composer>
            <Producer>Nepathya</Producer>
            <Writer>Amrit Gurung</Writer>
            <Singer>Amrit Gurung</Singer>
            <Albums>
                <Album album_ID="A6">
                    <Album_Name>Ghatana</Album_Name>
                    <Price>NPR 3500</Price>
                </Album>
            </Albums>
            <Rating>5</Rating>
            <Description>Nepathya (Nepali: नेपथ्य also spelled as Nepathaya) is a Nepalese folk rock band that was formed in the early 1990s by three students from Pokhara while studying in Kathmandu, Nepal. Nepathya was formed by Deepak Rana (now a chopper pilot), Bhim Poon (settled in Hongkong) and Amrit Gurung,They started recording songs which after 25 years have made them the greatest band ever of Nepal.</Description>
        </Music>
        <Music Music_ID="M7">
            <Song_Title>Let You Down</Song_Title>
            <Released_Platform>Spotify and Youtube</Released_Platform>
            <Released_Year>2017</Released_Year>
            <Duration>3:33 Sec</Duration>
            <Genre>Hip-Hop/Rap</Genre>
            <Director>David Garcia</Director>
            <Composer>NF</Composer>
            <Producer>David Garcia</Producer>
            <Writer>Nate Feuerstein,Tommee Profitt</Writer>
            <Singer>NF</Singer>
            <Albums>
                <Album album_ID="A7">
                    <Album_Name>Perception</Album_Name>
                    <Price>NPR 2200</Price>
                </Album>
            </Albums>
            <Rating>4.7</Rating>
            <Description>"Let You Down" is a song performed by American rapper and songwriter NF. It serves as the third single from his third studio album, Perception, and was released on September 14, 2017, for digital download and streaming, including an audio video.</Description>
        </Music>

    </Musics>
</Store>
